"Relative","mean_fixed","mean_poisson","mean_zinb","variance_fixed","variance_poisson","variance_zinb"
"Siblings",3.34382803419881,2.37306,3.25231,0,2.37304996689954,5.40454370933759
"Children",3.04652232187236,3.04269,3.05366,0,3.04233798728124,4.09432154761582
"AuntUncles",8.38349498601474,5.6338,8.22418,0,5.63461390613763,16.0803041306425
"NieceNephews",10.1870467466892,7.24568,9.90886,0,29.0986723243194,63.2346058464393
"Cousins",19.9274448234265,13.3908,19.58087,0,45.292048280481,127.715397197084
