"Relative","mean_fixed","mean_poisson","mean_zinb","variance_fixed","variance_poisson","variance_zinb"
"Parents",2,2,2,0,0,0
"Grandparents",4,4,4,0,0,0
"Siblings",3.34382803419881,2.36697,3.24743,0,2.38456686476953,5.43580275312707
"Children",3.04652232187236,3.04448,3.05003,0,3.03067183631889,4.09214792057888
"AuntUncles",8.38349498601474,5.63807,8.22433,0,5.62601293522953,16.0934469855906
"NieceNephews",10.1870467466892,7.21676,9.86003,0,29.4460095624962,63.4611530106123
"Cousins",19.9274448234265,13.40177,19.58381,0,44.9798806658941,127.107446958375
